







INSERT INTO xcart_categories VALUES (3,0,'Books','My Description of the category','My meta content','Y','N',20,5,5,'','Y','',3,4,0);
INSERT INTO xcart_categories VALUES (5,0,'Toys','','','Y','N',30,3,3,'','Y','',5,6,0);
INSERT INTO xcart_categories VALUES (244,0,'Apparel','','','Y','N',10,4,4,'','Y','',1,2,0);





INSERT INTO xcart_categories_subcount VALUES (3,0,5,5,0);
INSERT INTO xcart_categories_subcount VALUES (3,0,5,5,1);
INSERT INTO xcart_categories_subcount VALUES (3,0,5,5,2);
INSERT INTO xcart_categories_subcount VALUES (5,0,3,3,0);
INSERT INTO xcart_categories_subcount VALUES (5,0,3,3,1);
INSERT INTO xcart_categories_subcount VALUES (5,0,3,3,2);
INSERT INTO xcart_categories_subcount VALUES (244,0,4,4,0);
INSERT INTO xcart_categories_subcount VALUES (244,0,4,4,1);
INSERT INTO xcart_categories_subcount VALUES (244,0,4,4,2);





INSERT INTO xcart_category_threshold_bestsellers VALUES (244,0,0);
INSERT INTO xcart_category_threshold_bestsellers VALUES (3,0,0);
INSERT INTO xcart_category_threshold_bestsellers VALUES (5,0,0);





INSERT INTO xcart_classes VALUES (444,17551,'Color','Color',1,'Y','');
INSERT INTO xcart_classes VALUES (445,17551,'Size','Size',2,'Y','');
INSERT INTO xcart_classes VALUES (500,17674,'Cover','Choose cover type',0,'Y','Y');
INSERT INTO xcart_classes VALUES (503,17581,'Size','Size',1,'Y','Y');
INSERT INTO xcart_classes VALUES (506,17514,'Size','Size',1,'Y','Y');
INSERT INTO xcart_classes VALUES (508,17592,'Size','Size',1,'Y','Y');





INSERT INTO xcart_class_options VALUES (4125,444,'Bimini',1,'Y',0.00,'$');
INSERT INTO xcart_class_options VALUES (4126,444,'Storm Blue',2,'Y',0.00,'$');
INSERT INTO xcart_class_options VALUES (4127,445,'S',1,'Y',0.00,'$');
INSERT INTO xcart_class_options VALUES (4128,445,'M',2,'Y',0.00,'$');
INSERT INTO xcart_class_options VALUES (4129,445,'L',3,'Y',0.00,'$');
INSERT INTO xcart_class_options VALUES (4130,445,'XL',4,'Y',0.00,'$');
INSERT INTO xcart_class_options VALUES (4131,445,'XXL (+$1.80)',5,'Y',0.00,'$');
INSERT INTO xcart_class_options VALUES (4293,500,'Soft',0,'Y',0.00,'$');
INSERT INTO xcart_class_options VALUES (4294,500,'Hard',0,'Y',5.00,'$');
INSERT INTO xcart_class_options VALUES (4303,503,'S',1,'Y',0.00,'$');
INSERT INTO xcart_class_options VALUES (4304,503,'M',2,'Y',0.00,'$');
INSERT INTO xcart_class_options VALUES (4305,503,'L',3,'Y',0.00,'$');
INSERT INTO xcart_class_options VALUES (4306,503,'XL',4,'Y',0.00,'$');
INSERT INTO xcart_class_options VALUES (4307,503,'XXL',5,'Y',0.00,'$');
INSERT INTO xcart_class_options VALUES (4319,506,'S',1,'Y',0.00,'$');
INSERT INTO xcart_class_options VALUES (4320,506,'M',2,'Y',0.00,'$');
INSERT INTO xcart_class_options VALUES (4321,506,'L',3,'Y',0.00,'$');
INSERT INTO xcart_class_options VALUES (4322,506,'XL',4,'Y',0.00,'$');
INSERT INTO xcart_class_options VALUES (4327,508,'S',1,'Y',0.00,'$');
INSERT INTO xcart_class_options VALUES (4328,508,'M',2,'Y',0.00,'$');
INSERT INTO xcart_class_options VALUES (4329,508,'L',3,'Y',0.00,'$');
INSERT INTO xcart_class_options VALUES (4330,508,'XL',4,'Y',0.00,'$');
INSERT INTO xcart_class_options VALUES (4331,508,'XXL',5,'Y',2.00,'$');





INSERT INTO xcart_clean_urls VALUES ('About-our-site','S',2,1227253675);
INSERT INTO xcart_clean_urls VALUES ('Anna-Karenina','P',17671,1374866869);
INSERT INTO xcart_clean_urls VALUES ('Apparel','C',244,1333018470);
INSERT INTO xcart_clean_urls VALUES ('Apple-Inc.','M',1,1343037598);
INSERT INTO xcart_clean_urls VALUES ('Binary-Mom','P',17551,1374867359);
INSERT INTO xcart_clean_urls VALUES ('Books','C',3,1227253675);
INSERT INTO xcart_clean_urls VALUES ('Classic-Video-Table-Tennis-Kit','P',17547,1375645674);
INSERT INTO xcart_clean_urls VALUES ('Electronic-Drum-Kit-Shirt','P',17581,1373566323);
INSERT INTO xcart_clean_urls VALUES ('ExampleHousehold','M',2,1227253675);
INSERT INTO xcart_clean_urls VALUES ('FAQ','S',1,1227253675);
INSERT INTO xcart_clean_urls VALUES ('Mini-Solar-Powered-Car','P',17549,1370377395);
INSERT INTO xcart_clean_urls VALUES ('Planet-Express-Babydoll','P',17514,1373566345);
INSERT INTO xcart_clean_urls VALUES ('Thumb-Size-R-C-Mini-Cooper','P',17556,1370378653);
INSERT INTO xcart_clean_urls VALUES ('Pride-and-Prejudice','P',17674,1374866783);
INSERT INTO xcart_clean_urls VALUES ('Privacy-statement','S',4,1227253675);
INSERT INTO xcart_clean_urls VALUES ('Publicity','S',5,1350905933);
INSERT INTO xcart_clean_urls VALUES ('Sony','M',28,1359528614);
INSERT INTO xcart_clean_urls VALUES ('Terms-and-Conditions','S',3,1227253675);
INSERT INTO xcart_clean_urls VALUES ('The-Adventures-of-Tom-Sawyer','P',17676,1370515417);
INSERT INTO xcart_clean_urls VALUES ('The-Lord-of-the-Rings-50th-Anniversary-One-Vol.-Edition','P',17675,1370512042);
INSERT INTO xcart_clean_urls VALUES ('The-Martian-Chronicles','P',17677,1370515878);
INSERT INTO xcart_clean_urls VALUES ('Toys-c-5','C',5,1333018470);
INSERT INTO xcart_clean_urls VALUES ('Wi-Fi-Detector-Shirt','P',17592,1374867308);




















INSERT INTO xcart_extra_fields VALUES (2,3,'Type','','Y',1,'type');





INSERT INTO xcart_featured_products VALUES (17551,0,20,'Y');
INSERT INTO xcart_featured_products VALUES (17556,0,30,'Y');
INSERT INTO xcart_featured_products VALUES (17671,0,10,'Y');










INSERT INTO xcart_images_C VALUES (160,3,'','./images/C/books.jpg','image/jpeg',90,110,8381,'books.jpg',1228457667,'','Y',0,'dd5c53add5d54f18f02e576faa7ae863');
INSERT INTO xcart_images_C VALUES (186,244,'','./images/C/demo_store_c1002-01-01.jpeg','image/jpeg',156,160,11592,'demo_store_c1002-01-01.jpeg',1333018461,'','Y',0,'9ddd7af9927ebdb1b7807f83a8b5c078');
INSERT INTO xcart_images_C VALUES (188,5,'','./images/C/demo_store_c1004-01-01.jpeg','image/jpeg',140,160,12860,'demo_store_c1004-01-01.jpeg',1333018461,'','Y',0,'8603292a4163f0c5232428cedbc77003');





INSERT INTO xcart_images_D VALUES (56,17556,'','./images/D/5520.jpg','image/jpeg',400,392,22493,'5520.jpg',1370377395,'','Y',0,'7e64cf7ab52296ae16980147bbe25b58');
INSERT INTO xcart_images_D VALUES (57,17556,'','./images/D/4049.jpeg','image/jpeg',400,400,22224,'4049.jpeg',1370377395,'','Y',0,'141e2bf4a53bb068b2630cf3ee6ae50f');










INSERT INTO xcart_images_P VALUES (140,17514,'','./images/P/demo_store_p4003-01-01.jpeg','image/jpeg',500,494,29749,'demo_store_p4003-01-01.jpeg',1370377395,'','Y',0,'302829bcea41316e915e2b1efcb86e35');
INSERT INTO xcart_images_P VALUES (173,17547,'','./images/P/demo_store_p4044-01-01.jpeg','image/jpeg',400,383,31441,'demo_store_p4044-01-01.jpeg',1370377395,'','Y',0,'48a512e65243de7a03dca575827bebab');
INSERT INTO xcart_images_P VALUES (175,17549,'','./images/P/demo_store_p4042-01-01.jpeg','image/jpeg',400,323,65760,'demo_store_p4042-01-01.jpeg',1370377395,'','Y',0,'6ff3a47b3f800337616425f7f609084b');
INSERT INTO xcart_images_P VALUES (177,17551,'','./images/P/binary2.jpg','image/jpeg',400,424,36809,'binary2.jpg',1370377395,'','Y',0,'88bf0994635e1b785f4320a6e4d14e1b');
INSERT INTO xcart_images_P VALUES (182,17556,'','./images/P/demo_store_p4049-01-01.jpeg','image/jpeg',400,392,22506,'demo_store_p4049-01-01.jpeg',1370377395,'','Y',0,'108a06971dbd8f711cf279b4c0982248');
INSERT INTO xcart_images_P VALUES (206,17581,'','./images/P/demo_store_p4009-01-01.gif','image/gif',400,473,111939,'demo_store_p4009-01-01.gif',1370377395,'','Y',0,'98f4d0c1496be22474f3787f45870ea9');
INSERT INTO xcart_images_P VALUES (217,17592,'','./images/P/demo_store_p4010-01-01.gif','image/gif',423,500,83550,'demo_store_p4010-01-01.gif',1370377395,'','Y',0,'390a027bfbeb08034fd3af17ab522a5c');
INSERT INTO xcart_images_P VALUES (257,17671,'','./images/P/karen.jpg','image/jpeg',242,346,18242,'karen.jpg',1370505470,'','Y',0,'67c32131e97c8a9e54a10336eaf202fa');
INSERT INTO xcart_images_P VALUES (260,17674,'','./images/P/pripre.jpg','image/jpeg',349,554,40599,'pripre.jpg',1370511056,'','Y',0,'93d1c0c6bf2ca02961453059023d23e9');
INSERT INTO xcart_images_P VALUES (261,17675,'','./images/P/jrrring.jpg','image/jpeg',230,346,22075,'jrrring.jpg',1370511883,'','Y',0,'c85378af93cc21730a2d9e48c88dec7d');
INSERT INTO xcart_images_P VALUES (262,17676,'','./images/P/tomsaw.jpg','image/jpeg',349,554,50028,'tomsaw.jpg',1370513029,'','Y',0,'2e5701a47e971315141c875a6b09e47e');
INSERT INTO xcart_images_P VALUES (263,17677,'','./images/P/bradby.jpg','image/jpeg',230,346,18172,'bradby.jpg',1370515531,'','Y',0,'40855621ace018782d4aec27e318b9d3');





INSERT INTO xcart_images_T VALUES (391,17514,'','./images/T/t-1-01.png','image/png',125,124,18988,'t-1-01.png',1370377395,'','Y',0,'8bf19338905eb5edb64b628c1edb2993');
INSERT INTO xcart_images_T VALUES (424,17547,'','./images/T/t-40-01.png','image/png',125,120,19682,'t-40-01.png',1370377395,'','Y',0,'31ca430c61f3277a01ef3eabab86007b');
INSERT INTO xcart_images_T VALUES (426,17549,'','./images/T/t-12-01.png','image/png',125,101,18754,'t-12-01.png',1370377395,'','Y',0,'00f2bfcaa8e12759662a0e2b61ed8df4');
INSERT INTO xcart_images_T VALUES (428,17551,'','./images/T/t-22-01.png','image/png',123,158,20911,'t-22-01.png',1370377395,'','Y',0,'c885f1cca74640cf2e5fae3e7f097419');
INSERT INTO xcart_images_T VALUES (433,17556,'','./images/T/t-16-01.png','image/png',125,123,20247,'t-16-01.png',1370377395,'','Y',0,'a1a8534e543d9750b92e63ed09f89264');
INSERT INTO xcart_images_T VALUES (457,17581,'','./images/T/t-3-01.png','image/png',125,148,25510,'t-3-01.png',1370377395,'','Y',0,'cfc719e26c16c5a04831a92bb2b95970');
INSERT INTO xcart_images_T VALUES (468,17592,'','./images/T/t-19-01.png','image/png',125,148,20177,'t-19-01.png',1370377395,'','Y',0,'4a4ef27644a97630f42b2130b0428221');
INSERT INTO xcart_images_T VALUES (533,17671,'','./images/T/karen2.jpg','image/jpeg',112,160,4815,'karen2.jpg',1370440523,'','Y',0,'10b9eb2bf7b1676c961d4aad28192a0e');
INSERT INTO xcart_images_T VALUES (536,17674,'','./images/T/xctmpxedtyo.png','image/png',100,158,25808,'xctmpxedtyo.png',1370511056,'','Y',0,'d0dc2644fe0584d3be91a6b531fa6134');
INSERT INTO xcart_images_T VALUES (537,17675,'','./images/T/xctmp5TfCGg.png','image/png',105,158,34190,'xctmp5TfCGg.png',1370511883,'','Y',0,'d952e0db50d9f30e031155cca2b848cf');
INSERT INTO xcart_images_T VALUES (538,17676,'','./images/T/xctmp99Wp2j.png','image/png',100,158,27814,'xctmp99Wp2j.png',1370513029,'','Y',0,'031bc6d61a38ecef3d9c422758186a4e');
INSERT INTO xcart_images_T VALUES (539,17677,'','./images/T/xctmpj96R2V.png','image/png',105,158,29593,'xctmpj96R2V.png',1370515531,'','Y',0,'b3c4880e9823fedf607cbcc08169db61');





INSERT INTO xcart_images_W VALUES (1,31,'','./images/W/binary2-01.jpg','image/jpeg',400,424,36809,'binary2-01.jpg',1340373039,'','Y',0,'88bf0994635e1b785f4320a6e4d14e1b');
INSERT INTO xcart_images_W VALUES (2,32,'','./images/W/binary2-02.jpg','image/jpeg',400,424,36809,'binary2-02.jpg',1340373039,'','Y',0,'88bf0994635e1b785f4320a6e4d14e1b');
INSERT INTO xcart_images_W VALUES (3,33,'','./images/W/binary2-03.jpg','image/jpeg',400,424,36809,'binary2-03.jpg',1340373039,'','Y',0,'88bf0994635e1b785f4320a6e4d14e1b');
INSERT INTO xcart_images_W VALUES (4,34,'','./images/W/binary2-04.jpg','image/jpeg',400,424,36809,'binary2-04.jpg',1340373039,'','Y',0,'88bf0994635e1b785f4320a6e4d14e1b');
INSERT INTO xcart_images_W VALUES (5,35,'','./images/W/binary2.jpg','image/jpeg',400,424,36809,'binary2.jpg',1340373039,'','Y',0,'88bf0994635e1b785f4320a6e4d14e1b');
INSERT INTO xcart_images_W VALUES (6,36,'','./images/W/binary-01.jpg','image/jpeg',400,424,36206,'binary-01.jpg',1340373062,'','Y',0,'b2b4415183cdd2fb61a49e7672555529');
INSERT INTO xcart_images_W VALUES (7,37,'','./images/W/binary-02.jpg','image/jpeg',400,424,36206,'binary-02.jpg',1340373062,'','Y',0,'b2b4415183cdd2fb61a49e7672555529');
INSERT INTO xcart_images_W VALUES (8,38,'','./images/W/binary-03.jpg','image/jpeg',400,424,36206,'binary-03.jpg',1340373062,'','Y',0,'b2b4415183cdd2fb61a49e7672555529');
INSERT INTO xcart_images_W VALUES (9,39,'','./images/W/binary-04.jpg','image/jpeg',400,424,36206,'binary-04.jpg',1340373062,'','Y',0,'b2b4415183cdd2fb61a49e7672555529');
INSERT INTO xcart_images_W VALUES (10,40,'','./images/W/binary.jpg','image/jpeg',400,424,36206,'binary.jpg',1340373062,'','Y',0,'b2b4415183cdd2fb61a49e7672555529');





INSERT INTO xcart_pricing VALUES (17532,17514,1,19.99,0,0);
INSERT INTO xcart_pricing VALUES (17562,17544,1,14.99,0,0);
INSERT INTO xcart_pricing VALUES (17565,17547,1,19.99,0,0);
INSERT INTO xcart_pricing VALUES (17567,17549,1,19.99,0,0);
INSERT INTO xcart_pricing VALUES (17569,17551,1,17.99,0,0);
INSERT INTO xcart_pricing VALUES (17599,17581,1,29.99,0,0);
INSERT INTO xcart_pricing VALUES (17610,17592,1,19.99,0,0);
INSERT INTO xcart_pricing VALUES (17626,17551,1,17.99,31,0);
INSERT INTO xcart_pricing VALUES (17627,17551,1,17.99,32,0);
INSERT INTO xcart_pricing VALUES (17628,17551,1,17.99,33,0);
INSERT INTO xcart_pricing VALUES (17629,17551,1,17.99,34,0);
INSERT INTO xcart_pricing VALUES (17630,17551,1,19.79,35,0);
INSERT INTO xcart_pricing VALUES (17631,17551,1,17.99,36,0);
INSERT INTO xcart_pricing VALUES (17632,17551,1,17.99,37,0);
INSERT INTO xcart_pricing VALUES (17633,17551,1,17.99,38,0);
INSERT INTO xcart_pricing VALUES (17634,17551,1,17.99,39,0);
INSERT INTO xcart_pricing VALUES (17635,17551,1,19.79,40,0);
INSERT INTO xcart_pricing VALUES (17574,17556,1,9.99,0,0);
INSERT INTO xcart_pricing VALUES (17823,17671,1,17.84,0,0);
INSERT INTO xcart_pricing VALUES (17826,17674,1,9.95,0,0);
INSERT INTO xcart_pricing VALUES (17827,17675,1,26.98,0,0);
INSERT INTO xcart_pricing VALUES (17828,17676,1,3.15,0,0);
INSERT INTO xcart_pricing VALUES (17829,17677,1,11.65,0,0);

























INSERT INTO xcart_products VALUES (17514,'SKU17514',1,'',0.00,0.00,0.00,50,0,'Y',1347899999,0.00,'N','Y',1,0.00,0.00,0.00,0,'N','N',0,0,'','','N','',0,'','00000','');
INSERT INTO xcart_products VALUES (17547,'SKU17547',1,'',0.00,0.00,0.00,1000,0,'Y',1347899999,0.00,'N','Y',1,0.00,0.00,0.00,0,'N','N',0,0,'','','N','',0,'','00000','');
INSERT INTO xcart_products VALUES (17549,'SKU17549',1,'',0.00,0.00,0.00,1000,0,'Y',1347899999,0.00,'N','Y',0,0.00,0.00,0.00,0,'N','N',0,0,'','','N','N',0,'','00000','');
INSERT INTO xcart_products VALUES (17551,'SKU17551',1,'',0.00,0.00,0.00,1000,0,'Y',1347899999,0.00,'N','Y',1,0.00,0.00,0.00,0,'N','N',0,0,'','','N','',0,'','00000','');
INSERT INTO xcart_products VALUES (17556,'SKU17556',1,'',0.00,0.00,0.00,1000,0,'Y',1347899999,0.00,'N','Y',1,0.00,0.00,0.00,0,'N','N',0,0,'','','N','',0,'','00000','');
INSERT INTO xcart_products VALUES (17581,'SKU17581',1,'',0.00,0.00,0.00,5,0,'Y',1347899999,0.00,'N','Y',1,0.00,0.00,0.00,0,'N','N',0,0,'','','N','',0,'','00000','');
INSERT INTO xcart_products VALUES (17592,'SKU17592',1,'',0.00,0.00,0.00,1000,0,'Y',1347899999,0.00,'N','Y',1,0.00,0.00,0.00,0,'N','N',0,0,'','','N','',0,'','00000','');
INSERT INTO xcart_products VALUES (17671,'BOOK0001',1,'',1.00,1.00,0.00,99,9,'Y',1347899999,0.00,'N','Y',1,10.00,8.00,10.00,10,'N','N',1,0,'','','N','',1,'','00000','');
INSERT INTO xcart_products VALUES (17674,'BOOK0004',1,'',1.00,1.00,0.00,99,9,'Y',1347899999,0.00,'N','Y',1,10.00,8.00,10.00,10,'N','N',1,0,'','','N','',1,'','00000','');
INSERT INTO xcart_products VALUES (17675,'1RNG2RLTMALL',1,'',1.00,1.00,0.00,99,9,'Y',1347899999,0.00,'N','Y',1,10.00,8.00,10.00,10,'N','N',1,0,'','','N','',1,'','00000','');
INSERT INTO xcart_products VALUES (17676,'BOOK0005',1,'',1.00,1.00,0.00,99,9,'Y',1347899999,0.00,'N','Y',1,10.00,8.00,10.00,10,'N','N',1,0,'','','N','',1,'','00000','');
INSERT INTO xcart_products VALUES (17677,'BOOK0006',1,'',1.00,1.00,0.00,99,9,'Y',1347899999,0.00,'N','Y',1,10.00,8.00,10.00,10,'N','N',1,0,'','','N','',1,'','00000','');





INSERT INTO xcart_product_sales_stats VALUES (17514,31);
INSERT INTO xcart_product_sales_stats VALUES (17547,53);
INSERT INTO xcart_product_sales_stats VALUES (17549,65);
INSERT INTO xcart_product_sales_stats VALUES (17551,11);
INSERT INTO xcart_product_sales_stats VALUES (17556,42);
INSERT INTO xcart_product_sales_stats VALUES (17581,78);
INSERT INTO xcart_product_sales_stats VALUES (17592,56);
INSERT INTO xcart_product_sales_stats VALUES (17671,43);
INSERT INTO xcart_product_sales_stats VALUES (17674,23);
INSERT INTO xcart_product_sales_stats VALUES (17675,58);
INSERT INTO xcart_product_sales_stats VALUES (17676,23);
INSERT INTO xcart_product_sales_stats VALUES (17677,37);





INSERT INTO xcart_products_categories VALUES (3,17671,'Y',0,'Y');
INSERT INTO xcart_products_categories VALUES (3,17674,'Y',0,'Y');
INSERT INTO xcart_products_categories VALUES (3,17675,'Y',0,'Y');
INSERT INTO xcart_products_categories VALUES (3,17676,'Y',0,'Y');
INSERT INTO xcart_products_categories VALUES (3,17677,'Y',0,'Y');
INSERT INTO xcart_products_categories VALUES (5,17547,'Y',0,'Y');
INSERT INTO xcart_products_categories VALUES (5,17549,'Y',0,'Y');
INSERT INTO xcart_products_categories VALUES (5,17556,'Y',0,'Y');
INSERT INTO xcart_products_categories VALUES (244,17514,'Y',0,'Y');
INSERT INTO xcart_products_categories VALUES (244,17551,'Y',0,'Y');
INSERT INTO xcart_products_categories VALUES (244,17581,'Y',0,'Y');
INSERT INTO xcart_products_categories VALUES (244,17592,'Y',0,'Y');





INSERT INTO xcart_products_lng_en VALUES (17514,'Planet Express Babydoll','Choose Planet Express for your parcel delivery service. We spare no cost to get your package where it needs to be on-time. Visit our offices in New New York for a tour of the facility, including a side trip to the Angrydome after you view our pricesheet!','<h4>Good News, Everyone!</h4>\r\n<p>Here at Planet Express, we\'re always looking for fresh recruits\r\nto join our spaceship crew. Whether your permanent career\r\nassignment is in intergalactic navigation or accounting and\r\nadministration, chances are, we have a slot open for you right now.\r\nCareer deserter? No problem! As part of our ongoing effort to give\r\nback through recycling, we\'ve salvaged the career chips from some\r\nof our past, brave crewmembers and now can pass those savings on to\r\nyou!</p>\r\n<p>What will you be doing when you work for Planet Express? Well,\r\nyou\'ll get to see the entire universe and also transport cargo! And\r\nwhen we say entire universe, we mean it. We go places other\r\ndelivery companies (not to name names -- Mom\'s Friendly Delivery\r\nCompany) only dream of going. (Why they were screaming and running\r\nwhile dreaming, we\'re not sure. It\'s probably something in the\r\nwater.) In addition to the fun work environment, some of our\r\nbenefits include on-board medical facilities with highly trained\r\nstaff (unless that\'s the crewmember you\'re replacing... in which\r\ncase, welcome aboard!), a pension plan, stock options, not having a\r\nuniform that involves kneesocks, or, indeed, any socks at all if\r\nyou so wish, and an endless supply of free darkmatter.</p>\r\n<p>Even if you can\'t join our ranks today, you can take home an\r\nofficial \"Planet Express\" t-shirt. It features our logo in orange\r\non a red, fitted t-shirt with the words, \"Reliable Interplanetary\r\nDelivery. Serving the Milky Way and Beyond!\" Note that the printing\r\nis slightly distressed (you can see the shirt in several places),\r\nmuch like our employees!</p>\r\n\r\n<div style=\"padding: 24px 24px 24px 21px; display: block; background-color: #ececec;\">This site is a demo site only. This product is not available for sale at our site. <br />But you can buy it at <a target=\"_top\" href=\"http://www.dpbolvw.net/click-3652263-10356324?url=http%3A%2F%2Fwww.thinkgeek.com%2Ftshirts-apparel%2Fwomens%2Fa064%2F\">ThinkGeek.com</a>, this is where we took description from.</div>','');
INSERT INTO xcart_products_lng_en VALUES (17547,'Classic Video Table Tennis Kit','<h4>Build Your Own Gaming Nostalgia</h4>','<h4>Build Your Own Gaming Nostalgia</h4>\r\n<p>Blocky table tennis with a ball and two paddles was one of the first real video games to make it into mainstream culture. It took an awful lot of high-tech electronics in 1972 to create this classic game. Now however you can cobble together your very own Classic Video Table Tennis Game with a little determination and some basic soldering skillz. This kit contains a pre-printed circuit board and 39 various resistors, diodes, and capacitors. Solder everything together (following the instructions we hope) and plug the audio and video into any standard TV for instant Table Tennis action. You can play against another lowly human or challenge the computer at four different skill levels.</p>\r\n<p><strong>Please keep in mind you\'ll need to provide your own soldering iron, solder, philips head screwdriver and three AA batteries to complete this kit. We of course recommend the <a href=\"http://www.thinkgeek.com/gadgets/tools/69d3/\">Cold Heat Soldering Tool</a> to avoid those singed fingers.<br /></strong></p>\r\n<h4>Product Features &amp; Specifications</h4>\r\n<ul>\r\n<li>One or Two Players (Play against another human or the computer) </li>\r\n<li>Four Difficulty Levels </li>\r\n<li>Digital Controls </li>\r\n<li>Kit Contains All Electronic Parts Needed </li>\r\n<li>Tools Required and NOT Included: Soldering Iron, Solder, Small Philips Head Screwdriver </li>\r\n<li>Build Time: About 1 to 2 hours depending on skill level </li>\r\n<li>Connects to any Television (NTSC Only) using standard RCA style Video Cables (Not included) </li>\r\n<li>Requires 3 AA Batteries </li>\r\n</ul>\r\n<div style=\"padding: 24px 24px 24px 21px; display: block; background-color: #ececec;\">This site is a demo site only. This product is not available for sale at our site. <br />But you can buy it at <a href=\"http://www.tkqlhce.com/click-3652263-10356324?url=http%3A%2F%2Fwww.thinkgeek.com%2Fgeektoys%2Fscience%2F8546%2F%3Fref%3Dc\" target=\"_top\">ThinkGeek.com</a><img src=\"http://www.ftjcfx.com/image-3652263-10356324\" border=\"0\" alt=\"\" width=\"1\" height=\"1\" />, this is where we took description from.</div>','');
INSERT INTO xcart_products_lng_en VALUES (17549,'Mini Solar-Powered Car','','<h4>Car is tiny, power source is very large</h4>\n<p>Solar cars are, unfortunately, still in the research and development phase, although we saw one recently that drove from Texas to New York in 5 days. Despite being impressive, it\'ll likely be years before we have one sitting in the driveway, charging. Until then this working miniature model will have to keep us entertained.</p>\n<p>The world\'s smallest solar powered car - it zooms along when the sun shines on the solar panel. No batteries - it gets its power just from the sun. No assembly required. Measures a tiny 3.3 x 2.2 x 1.4 cm. When the sun shines on the solar panel, the panel makes electricity that turns the motor and the wheels. A fun demonstration of solar power. Will also work when close to a strong artificial light source. Not for children under 3 years old, due to small parts.</p>\n<div style=\"padding: 24px 24px 24px 21px; display: block; background-color: #ececec;\">This site is a demo site only. This product is not available for sale at our site. <br />But you can buy it at <a href=\"http://www.anrdoezrs.net/click-3652263-10356324?url=http%3A%2F%2Fwww.thinkgeek.com%2Fgeektoys%2Fscience%2F9e8d%2F%3Fref%3Dc\" target=\"_top\">ThinkGeek.com</a><img src=\"http://www.tqlkg.com/image-3652263-10356324\" border=\"0\" alt=\"\" width=\"1\" height=\"1\" />, this is where we took description from.</div>','');
INSERT INTO xcart_products_lng_en VALUES (17551,'Binary Mom [Product Variants Demo]','Show mom how much you love her by giving her a little bit of geek. Or, if you\'re a mom, show off your penchant for math or science! Zeros and ones spell \"MOM\" and confuse other people, which is always fun.','<h4>Mom loves zeros and ones</h4>\r\n<p>Sorry mom, but we have neglected you for too long. We know you\'re either a geek yourself or the proud mother of a geek and it\'s about time you were given the opportunity to show it off. How\'s about our nice Binary Mom tee? It\'s a great way to confound those non-geeky types with your binary sweetness.</p>\r\n<p>Looser cut than a babydoll tee, this is considered a \"classic cut\". It\'s styled for women, but is <strong>not</strong> tight or fitted. 100% combed ring-spun cotton 1x1 rib, 6.1 oz in Bimini. \"MOM\" printed on the front in binary! This shirt fits like&nbsp;<a href=\"http://www.thinkgeek.com/8f6f\">Chocolate Molecule</a>.</p>\r\n\r\n<div style=\"padding: 24px 24px 24px 21px; display: block; background-color: #ececec;\">This site is a demo site only. This product is not available for sale at our site. <br />But you can buy it at <a target=\"_top\" href=\"http://www.dpbolvw.net/click-3652263-10356324?url=http%3A%2F%2Fwww.thinkgeek.com%2Ftshirts-apparel%2Fwomens%2F8333%2F\">ThinkGeek.com</a>, this is where we took description from.</div>\r\n','');
INSERT INTO xcart_products_lng_en VALUES (17556,'Thumb-Size R/C Mini Cooper [Detailed Images Demo]','With the current fuel crisis forcing people into smaller and smaller vehicles and spelling impending doom for society as we know it... we figured it was a perfect time to offer these Thumb-Size R/C Mini Coopers. Their all-electric engines run off of button type batteries and are very fuel efficient. Hey... they can\'t carry much groceries in the trunk, but they do feature full control with forward/reverse and right/left turning... plus the remote looks like a tiny cellphone. Take that high gas prices!','<h4>Mini Mini Mini... Mini Coopers</h4> \r\n<p>With the current fuel crisis forcing people into smaller and smaller vehicles and spelling impending doom for society as we know it... we figured it was a perfect time to offer these Thumb-Size R/C Mini Coopers. Their all-electric engines run off of button type batteries and are very fuel efficient. Hey... they can\'t carry much groceries in the trunk, but they do feature full control with forward/reverse and right/left turning... plus the remote looks like a tiny cellphone. Take that high gas prices!</p> \r\n<p><strong>Important Note</strong><br />The Red and Silver versions of the Thumb-Size R/C Mini Cooper operate on the same frequency. You cannot race them at the same time as one controller will drive both cars.</p> \r\n \r\n<table border=\"0\" cellspacing=\"0\" cellpadding=\"0\"> \r\n<tbody> \r\n<tr> \r\n<td> \r\n<object width=\"300\" height=\"247\" data=\"http://www.youtube.com/v/sc6oW8PiQyQ\" type=\"application/x-shockwave-flash\"> \r\n<param name=\"src\" value=\"http://www.youtube.com/v/sc6oW8PiQyQ\" /> \r\n<param name=\"wmode\" value=\"transparent\" /> \r\n</object> \r\n</td> \r\n</tr> \r\n</tbody> \r\n</table> \r\n \r\n<h4>Product Features</h4> \r\n<ul> \r\n<li>Tiny R/C Mini Cooper Cars are only 2.25\" Long </li> \r\n<li>Full control with forward and reverse / right and left turns </li> \r\n<li>Choose from Red or Silver </li> \r\n<li>Remote looks like a tiny cell phone </li> \r\n<li>Batteries Included </li> \r\n</ul> \r\n \r\n<p>&nbsp;</p> \r\n<div style=\"padding: 24px 24px 24px 21px; display: block; background-color: #ececec;\">This site is a demo site only. This product is not available for sale at our site. <br />But you can buy it at <a href=\"http://www.dpbolvw.net/click-3652263-10356324?url=http%3A%2F%2Fwww.thinkgeek.com%2Fgeektoys%2Frc%2Fa427%2F%3Fref%3Dc\" target=\"_top\">ThinkGeek.com</a><img src=\"http://www.lduhtrp.net/image-3652263-10356324\" border=\"0\" alt=\"\" width=\"1\" height=\"1\" />, this is where we took description from.</div>','');
INSERT INTO xcart_products_lng_en VALUES (17581,'Electronic Drum Kit Shirt','How about an electronic t-shirt with a picture of an actual playable drum kit on the front? That\'s right. Hit the drums on this shirt with your finger and they play through the built in speaker... simple but amazing. With 7 different drum sounds you\'re ready for a personal drum solo on your chest.','<h4>Real T-Shirt Based ROCK!</h4>\r\n<p>We could do what those other supposedly geeky apparel companies\r\ndo and print a regular t-shirt with a cool looking picture of a\r\ndrum kit on the front... then say it was trendy, make a few Rock\r\nBand references and try to convince you to buy it. But we don\'t\r\nroll like that. At ThinkGeek we know you expect innovative new\r\nproducts and we\'re here to pony up the goods.</p>\r\n<p>So, how about an\r\nelectronic t-shirt with a picture of an actual playable drum kit on\r\nthe front? That\'s right. Hit the drums on this shirt with your\r\nfinger and they play through the built in speaker... simple but\r\namazing. With 7 different drum sounds you\'re ready for a personal\r\ndrum solo on your chest.</p>\r\n\r\n<div style=\"padding: 24px 24px 24px 21px; display: block; background-color: #ececec;\">This site is a demo site only. This product is not available for sale at our site. <br />But you can buy it at <a href=\"http://www.dpbolvw.net/click-3652263-10356324?url=http%3A%2F%2Fwww.thinkgeek.com%2Ftshirts-apparel%2Funisex%2Fgeneric%2Fac0b%2F\" target=\"_top\">ThinkGeek.com</a>, this is where we took description from.</div>','');
INSERT INTO xcart_products_lng_en VALUES (17592,'Wi-Fi Detector Shirt','A shirt with a built-in Wi-Fi signal detector','<h4>Wi-Fi Signal Status for You and the World!</h4>\r\n<p>Here at ThinkGeek we\'re pretty lazy when it comes to technology.\r\nWe expect our gadgets to do all the busywork while we focus on the\r\nhigh level important tasks like reading blogs. That\'s why we hate\r\nto have to crack open our laptops just to see if there is any wi-fi\r\ninternet access about... and keychain wi-fi detectors, we would\r\nhave to actually remove them from our pockets to look at them. But\r\nnow thanks to the ingenious ThinkGeek robot monkeys you can display\r\nthe current wi-fi signal strength to yourself and everyone around\r\nyou with this stylish Wi-Fi Detector Shirt. The glowing bars on the\r\nfront of the shirt dynamically change as the surrounding wi-fi\r\nsignal strength fluctuates. Finally you can get the attention you\r\ndeserve as others bow to you as their reverential wi-fi god, while\r\ngeeky chicks swoon at your presence. You can thank us later.</p>\r\n\r\n<div style=\"padding: 24px 24px 24px 21px; display: block; background-color: #ececec;\">This site is a demo site only. This product is not available for sale at our site. <br />But you can buy it at <a href=\"http://www.dpbolvw.net/click-3652263-10356324?url=http%3A%2F%2Fwww.thinkgeek.com%2Ftshirts-apparel%2Finteractive%2F991e%2F\" target=\"_top\">ThinkGeek.com</a>, this is where we took description from.</div>','');
INSERT INTO xcart_products_lng_en VALUES (17671,'Anna Karenina','Anna Karenina is a novel by the Russian writer Leo Tolstoy, published in serial installments from 1873 to 1877 in the periodical The Russian Messenger.','<div><p><b>Anna Karenina</b> is a novel by the Russian writer Leo Tolstoy, published in serial installments from 1873 to 1877 in the periodical The Russian Messenger.</p> <p>Anna Karenina is a married aristocrat and socialite. Her affair with the affluent Count Vronsky is central to the plot. The story starts when she arrives in the midst of a family broken up by her brother\'s unbridled womanizing—something that prefigures her own later situation, though with less tolerance for her by others.</p> <p>Widely regarded as a pinnacle in realist fiction, Tolstoy considered Anna Karenina his first true novel, when he came to consider War and Peace to be more than a novel.</p> <p>Fyodor Dostoevsky declared it to be \"flawless as a work of art\". His opinion was shared by Vladimir Nabokov, who especially admired \"the flawless magic of Tolstoy\'s style\", and by William Faulkner, who described the novel as \"the best ever written\". The novel is currently enjoying popularity, as demonstrated by a recent poll of 125 contemporary authors by J. Peder Zane, published in 2007 in \"The Top Ten\" in Time, which declared that Anna Karenina is the \"greatest novel ever written\".</p></div>\r\n\r\n<div style=\"padding: 24px 24px 24px 21px; display: block; background-color: #ececec;\">This site is a demo site only. This product is not available for sale at our site. <br />But you can buy it at <a href=\"http://www.amazon.com/gp/product/1481829580/ref=as_li_qf_sp_asin_tl?ie=UTF8&amp;camp=1789&amp;creative=9325&amp;creativeASIN=1481829580&amp;linkCode=as2&amp;tag=xcartcom-20\">Amazon</a><img src=\"http://www.assoc-amazon.com/e/ir?t=xcartcom-20&amp;l=as2&amp;o=1&amp;a=1481829580\" width=\"1\" height=\"1\" border=\"0\" alt=\"\" style=\"border:none !important; margin:0px !important;\" />, this is where we took description from.</div>','');
INSERT INTO xcart_products_lng_en VALUES (17674,'Pride and Prejudice','In one of the most universally loved and admired English novels, a country squire of no great means must marry off his five vivacious daughters. Jane Austen\'s art transformed this effervescent tale of rural romance into a witty, shrewdly observed satire of English country life. A selection of the Common Core State Standards Initiative.','Jane’s Austen’s delightfully scathing satire on class, pride, and proper behavior is as beloved today as it was when first published in 1813. The long road that the quick-witted, sharp-tongued Elizabeth Bennet and the haughty Darcy travel from mutual disdain to unfulfilled longing and finally to love and marriage is beset with obstacles in the form of Elizabeth’s insufferable mother, irrepressible younger sister, and Darcy’s own secret pain.<br /><br />In Pride and Prejudice, Austen has captured not only the frivolous sensibilities of early-nineteenth-century provincial England, but also the hearts and minds of anyone who has loved outside of social expectations and aspired to a happiness <br />beyond mere propriety.<br /><br />\r\n\r\n<div style=\"padding: 24px 24px 24px 21px; display: block; background-color: #ececec;\">This site is a demo site only. This product is not available for sale at our site. <br />But you can buy it at <a href=\"http://www.amazon.com/gp/product/0486284735/ref=as_li_tf_tl?ie=UTF8&amp;camp=1789&amp;creative=9325&amp;creativeASIN=0486284735&amp;linkCode=as2&amp;tag=xcartcom-20\">Amazon</a><img src=\"http://www.assoc-amazon.com/e/ir?t=xcartcom-20&amp;l=as2&amp;o=1&amp;a=0486284735\" width=\"1\" height=\"1\" border=\"0\" alt=\"\" style=\"border:none !important; margin:0px !important;\" />, this is where we took description from.</div>','');
INSERT INTO xcart_products_lng_en VALUES (17675,'The Lord of the Rings: 50th Anniversary, One Vol. Edition','One Ring to rule them all, One Ring to find them, One Ring to bring them all and in the darkness bind them','<div>One Ring to rule them all, One Ring to find them, One Ring to bring them all  and in the darkness bind them<br /><br />In ancient times the Rings of Power were crafted by the Elven-smiths, and Sauron, the Dark Lord, forged the One Ring, filling it with his own power so that he could rule all others. But the One Ring was taken from him, and though he sought it throughout Middle-earth, it remained lost to him. After many ages it fell by chance into the hands of the hobbit Bilbo Baggins.<br /><br />From Sauron\'s fastness in the Dark Tower of Mordor, his power spread far and wide. Sauron gathered all the Great Rings to him, but always he searched for the One Ring that would complete his dominion.<br /><br />When Bilbo reached his eleventy-first birthday he disappeared, bequeathing to his young cousin Frodo the Ruling Ring and a perilous quest: to journey across Middle-earth, deep into the shadow of the Dark Lord, and destroy the Ring by casting it into the Cracks of Doom.<br /><br />The Lord of the Rings tells of the great quest undertaken by Frodo and the Fellowship of the Ring: Gandalf the Wizard; the hobbits Merry, Pippin, and Sam; Gimli the Dwarf; Legolas the Elf; Boromir of Gondor; and a tall, mysterious stranger called Strider.<br /><br />This new edition includes the fiftieth-anniversary fully corrected text setting and, for the first time, an extensive new index.<br /><br /> J.R.R. Tolkien (1892-1973), beloved throughout the world as the creator of The Hobbit, The Lord of the Rings, and The Silmarillion, was a professor of Anglo-Saxon at Oxford, a fellow of Pembroke College, and a fellow of Merton College until his retirement in 1959. His chief interest was the linguistic aspects of the early English written tradition, but while he studied classic works of the past, he was creating a set of his own.<br /><br /></div>\r\n<div style=\"padding: 24px 24px 24px 21px; display: block; background-color: #ececec;\">This site is a demo site only. This product is not available for sale at our site. <br />But you can buy it at <a href=\"http://www.amazon.com/gp/product/0618645616/ref=as_li_tf_tl?ie=UTF8&amp;camp=1789&amp;creative=9325&amp;creativeASIN=0618645616&amp;linkCode=as2&amp;tag=xcartcom-20\">Amazon</a><img src=\"http://www.assoc-amazon.com/e/ir?t=xcartcom-20&amp;l=as2&amp;o=1&amp;a=0618645616\" width=\"1\" height=\"1\" border=\"0\" alt=\"\" style=\"border:none !important; margin:0px !important;\" />, this is where we took description from.</div>','');
INSERT INTO xcart_products_lng_en VALUES (17676,'The Adventures of Tom Sawyer','Dripping with Mark Twain’s iconic wit and wisdom, The Adventures of Tom Sawyer chronicles young Tom and his best friend Huckleberry Finn on a life-changing journey of mischief, intrigue, and excitement.','This childhood classic relates a small-town boy\'s pranks and escapades with timeless humor and wisdom. In addition to his everyday stunts (searching for buried treasure, trying to impress the adored Becky Thatcher), Tom experiences a dramatic turn of events when he witnesses a murder, runs away, and returns to attend his own funeral and testify in court. A selection of the Common Core State Standards Initiative.\r\n<br /><br />\r\n<div style=\"padding: 24px 24px 24px 21px; display: block; background-color: #ececec;\">This site is a demo site only. This product is not available for sale at our site. <br />But you can buy it at <a href=\"http://www.amazon.com/gp/product/0486400778/ref=as_li_qf_sp_asin_tl?ie=UTF8&amp;camp=1789&amp;creative=9325&amp;creativeASIN=0486400778&amp;linkCode=as2&amp;tag=xcartcom-20\">Amazon</a><img src=\"http://www.assoc-amazon.com/e/ir?t=xcartcom-20&amp;l=as2&amp;o=1&amp;a=0486400778\" width=\"1\" height=\"1\" border=\"0\" alt=\"\" style=\"border:none !important; margin:0px !important;\" />, this is where we took description from.</div>','');
INSERT INTO xcart_products_lng_en VALUES (17677,'The Martian Chronicles','Bradbury’s TheMartian Chronicles is a must-read for any fan of science fiction orfantasy, a crucial precursor to films like Avatar and Alien andbooks like Kim Stanley Robinson’s Red Mars and Dan Simmons’ Hyperion,and a haunting prophesy of humanity’s destiny to bring our old dreams andfollies along with us wherever we may venture forth.','Soar above the fossil seas and crystal pillars of a deadworld in the pages of Ray Bradbury’s <em>The Martian Chronicles. </em>A milestoneof American literature, Bradbury’s classic collection of interconnectedvignettes about life on the red planet diverges from the <em>War of the Worlds </em>theme,in which humanity must defend its shores against its neighbors, for in Bradbury’sprismatic vision, humanity is the conqueror, colonizing Mars to escape an Earthdevastated by atomic war and environmental catastrophe. Bradbury’s <em>TheMartian Chronicles </em>is a must-read for any fan of science fiction orfantasy, a crucial precursor to films like <em>Avatar </em>and <em>Alien</em> andbooks like Kim Stanley Robinson’s <em>Red Mars </em>and Dan Simmons’ <em>Hyperion</em>,and a haunting prophesy of humanity’s destiny to bring our old dreams andfollies along with us wherever we may venture forth.\r\n<br /><br />\r\n<div style=\"padding: 24px 24px 24px 21px; display: block; background-color: #ececec;\">This site is a demo site only. This product is not available for sale at our site. <br />But you can buy it at <a href=\"http://www.amazon.com/gp/product/006207993X/ref=as_li_tf_tl?ie=UTF8&amp;camp=1789&amp;creative=9325&amp;creativeASIN=006207993X&amp;linkCode=as2&amp;tag=xcartcom-20\">Amazon</a><img src=\"http://www.assoc-amazon.com/e/ir?t=xcartcom-20&amp;l=as2&amp;o=1&amp;a=006207993X\" width=\"1\" height=\"1\" border=\"0\" alt=\"\" style=\"border:none !important; margin:0px !important;\" />, this is where we took description from.</div>','');















INSERT INTO xcart_quick_flags VALUES (17514,'','Y','','./images/T/t-1-01.png');
INSERT INTO xcart_quick_flags VALUES (17547,'','','','./images/T/t-40-01.png');
INSERT INTO xcart_quick_flags VALUES (17549,'','','','./images/T/t-12-01.png');
INSERT INTO xcart_quick_flags VALUES (17551,'Y','Y','','./images/T/t-22-01.png');
INSERT INTO xcart_quick_flags VALUES (17556,'','','','./images/T/t-16-01.png');
INSERT INTO xcart_quick_flags VALUES (17581,'','Y','','./images/T/t-3-01.png');
INSERT INTO xcart_quick_flags VALUES (17592,'','Y','','./images/T/t-19-01.png');
INSERT INTO xcart_quick_flags VALUES (17671,'','','','./images/T/karen2.jpg');
INSERT INTO xcart_quick_flags VALUES (17674,'','Y','','./images/T/xctmpxedtyo.png');
INSERT INTO xcart_quick_flags VALUES (17675,'','','','./images/T/xctmp5TfCGg.png');
INSERT INTO xcart_quick_flags VALUES (17676,'','','','./images/T/xctmp99Wp2j.png');
INSERT INTO xcart_quick_flags VALUES (17677,'','','','./images/T/xctmpj96R2V.png');





INSERT INTO xcart_quick_prices VALUES (17514,17532,0,0);
INSERT INTO xcart_quick_prices VALUES (17547,17565,0,0);
INSERT INTO xcart_quick_prices VALUES (17549,17567,0,0);
INSERT INTO xcart_quick_prices VALUES (17551,17626,0,31);
INSERT INTO xcart_quick_prices VALUES (17556,17574,0,0);
INSERT INTO xcart_quick_prices VALUES (17581,17599,0,0);
INSERT INTO xcart_quick_prices VALUES (17592,17610,0,0);
INSERT INTO xcart_quick_prices VALUES (17671,17823,0,0);
INSERT INTO xcart_quick_prices VALUES (17674,17826,0,0);
INSERT INTO xcart_quick_prices VALUES (17675,17827,0,0);
INSERT INTO xcart_quick_prices VALUES (17676,17828,0,0);
INSERT INTO xcart_quick_prices VALUES (17677,17829,0,0);





INSERT INTO xcart_variant_items VALUES (4125,31);
INSERT INTO xcart_variant_items VALUES (4125,32);
INSERT INTO xcart_variant_items VALUES (4125,33);
INSERT INTO xcart_variant_items VALUES (4125,34);
INSERT INTO xcart_variant_items VALUES (4125,35);
INSERT INTO xcart_variant_items VALUES (4126,36);
INSERT INTO xcart_variant_items VALUES (4126,37);
INSERT INTO xcart_variant_items VALUES (4126,38);
INSERT INTO xcart_variant_items VALUES (4126,39);
INSERT INTO xcart_variant_items VALUES (4126,40);
INSERT INTO xcart_variant_items VALUES (4127,31);
INSERT INTO xcart_variant_items VALUES (4127,36);
INSERT INTO xcart_variant_items VALUES (4128,32);
INSERT INTO xcart_variant_items VALUES (4128,37);
INSERT INTO xcart_variant_items VALUES (4129,33);
INSERT INTO xcart_variant_items VALUES (4129,38);
INSERT INTO xcart_variant_items VALUES (4130,34);
INSERT INTO xcart_variant_items VALUES (4130,39);
INSERT INTO xcart_variant_items VALUES (4131,35);
INSERT INTO xcart_variant_items VALUES (4131,40);





INSERT INTO xcart_variants VALUES (0,17514,50,0.00,'SKU17514',0.00,'N',1);
INSERT INTO xcart_variants VALUES (0,17547,1000,0.00,'SKU17547',0.00,'N',1);
INSERT INTO xcart_variants VALUES (0,17549,1000,0.00,'SKU17549',0.00,'N',1);
INSERT INTO xcart_variants VALUES (31,17551,1000,0.00,'SKU17551BIS',20.00,'Y',0);
INSERT INTO xcart_variants VALUES (32,17551,1000,0.00,'SKU17551BIM',20.00,'N',0);
INSERT INTO xcart_variants VALUES (33,17551,1000,0.00,'SKU17551BIL',0.00,'N',0);
INSERT INTO xcart_variants VALUES (34,17551,1000,0.00,'SKU17551BIXL',21.00,'N',0);
INSERT INTO xcart_variants VALUES (35,17551,1000,0.00,'SKU17551BI2XL',21.00,'N',0);
INSERT INTO xcart_variants VALUES (36,17551,1000,0.00,'SKU17551SBS',0.00,'N',0);
INSERT INTO xcart_variants VALUES (37,17551,1000,0.00,'SKU17551SBM',0.00,'N',0);
INSERT INTO xcart_variants VALUES (38,17551,1000,0.00,'SKU1751SBL',0.00,'N',0);
INSERT INTO xcart_variants VALUES (39,17551,1000,0.00,'SKU17551SBXL',0.00,'N',0);
INSERT INTO xcart_variants VALUES (40,17551,1000,0.00,'SKU17551SB2XL',22.00,'N',0);
INSERT INTO xcart_variants VALUES (0,17556,1000,0.00,'SKU17556',0.00,'N',1);
INSERT INTO xcart_variants VALUES (0,17581,5,0.00,'SKU17581',0.00,'N',1);
INSERT INTO xcart_variants VALUES (0,17592,1000,0.00,'SKU17592',0.00,'N',1);
INSERT INTO xcart_variants VALUES (0,17671,99,1.00,'BOOK0001',0.00,'N',1);
INSERT INTO xcart_variants VALUES (0,17674,99,1.00,'BOOK0004',0.00,'N',1);
INSERT INTO xcart_variants VALUES (0,17675,99,1.00,'1RNG2RLTMALL',0.00,'N',1);
INSERT INTO xcart_variants VALUES (0,17676,99,1.00,'BOOK0005',0.00,'N',1);
INSERT INTO xcart_variants VALUES (0,17677,99,1.00,'BOOK0006',0.00,'N',1);



REPLACE INTO xcart_config VALUES ('enable_shipping','ENABLE SHIPPING','Y','Shipping',15,'checkbox','N','','','');



REPLACE INTO xcart_config VALUES ('home_threshold_sales_stats','Upper threshold for the home page to optimize bestseller\'s select.Membershipid=0','1','',0,'text','1','','','');



REPLACE INTO xcart_payment_methods VALUES (4,'Phone Ordering','Phone: (555) 555-5555','customer/main/payment_offline.tpl','payment_offline.php','http',0,'Y','','Y','',10.00,'$','');



REPLACE INTO xcart_payment_methods VALUES (8,'C.O.D','Cashiers Check or Cash Only','customer/main/payment_offline.tpl','payment_offline.php','http',29,'Y','Y','Y','',4.00,'%','');



REPLACE INTO xcart_shipping VALUES (1011,'Example national delivery method1','','L','','',10,'Y','',0.00,200.00,0,'Y','','Standard','');



REPLACE INTO xcart_shipping VALUES (1012,'Example international delivery method','','I','','',30,'Y','',0.00,200.00,0,'','','Standard','');



REPLACE INTO xcart_shipping VALUES (1013,'Example national delivery method2','','L','','',20,'Y','',0.00,210.00,0,'','','Standard','');



REPLACE INTO xcart_shipping_rates VALUES (111,1011,0,0.00,999999.00,0.00,999999.00,8.00,1.00,0.00,0.00,1,'D','DST');



REPLACE INTO xcart_shipping_rates VALUES (112,1012,0,0.00,999999.00,0.00,999999.00,15.00,3.00,0.00,0.00,1,'D','DST');



REPLACE INTO xcart_shipping_rates VALUES (113,1013,0,0.00,999999.00,0.00,999999.00,9.00,2.00,0.00,0.00,1,'D','DST');


UPDATE xcart_products SET add_date = UNIX_TIMESTAMP(NOW()) - 10000000 + FLOOR(RAND()*10000000);
